original_filename,final_filename,figure_number,caption_or_description,status,notes
u5_3_from_ch_20_1_compression_and_rarefaction_door_pulse_room.png,u5_3_from_ch_20_1_compression_and_rarefaction_door_pulse_room.png,20.1,"(a) When the door is opened, a compression travels across the room. (b) When the door is closed, a rarefaction travels across the room.",included,Strong visual match from supplied captured image archive.
u5_3_from_ch_20_2_tuning_fork_tube_compressions_and_rarefactions.png,u5_3_from_ch_20_2_tuning_fork_tube_compressions_and_rarefactions.png,20.2,Compressions and rarefactions travel (both at the same speed in the same direction) from the tuning fork through the air in the tube.,included,Strong visual match from supplied captured image archive.
u5_3_from_ch_20_3_ping_pong_paddle_vibrating_balls_sound_model.png,u5_3_from_ch_20_3_ping_pong_paddle_vibrating_balls_sound_model.png,20.3,A Ping-Pong paddle vibrating in the midst of Ping-Pong balls produces vibration of the balls.,included,Strong visual match from supplied captured image archive.
u5_3_from_ch_20_5_loudspeaker_microphone_oscilloscope_waveform.png,u5_3_from_ch_20_5_loudspeaker_microphone_oscilloscope_waveform.png,20.5,"(a) Vibrations of the radio loudspeaker send compressions of air (red lines) and produce similar vibrations in the microphone, which are displayed on an oscilloscope. (b) The shape of the waveform on the oscilloscope screen reveals information about the sound.",included,Strong visual match from supplied captured image archive.
u5_3_from_ch_20_pp_wire_grille_string_to_ears_sound_transmission.png,u5_3_from_ch_20_pp_wire_grille_string_to_ears_sound_transmission.png,practicing_physics,Practicing Physics wire-grille sound-transmission activity.,included,Strong visual match from supplied captured image archive.
u5_3_from_ch_20_pp_radio_wave_is_not_sound_wave_check_point.png,u5_3_from_ch_20_pp_radio_wave_is_not_sound_wave_check_point.png,checkpoint_radio_wave,Check Point margin cartoon explaining that a radio wave is not a sound wave.,included,Strong visual match from supplied captured image archive.
,,20.4,"Waves of compressed and rarefied air, produced by the vibrating cone of the loudspeaker, make up the pleasing sound of music.",omitted_no_capture,Visible in PDF but no matching captured image supplied.
,,blue_box_speaker_illustration,Speaker drawing inside the Loudspeaker blue box.,omitted_no_capture,Blue-box text included; no matching captured image supplied for the illustration.
,,20.6,The angle of incident sound is equal to the angle of reflected sound.,unused_not_in_section,"Belongs to Section 20.3, not Section 20.2."
