structure_id,category,applicability,destinations,content_types,response_type,required_representation,dok_range,bloom_process_descriptors,evidence_produced,works_well_when,avoid_when,security_suitability,provenance
PROC-SELECT-STRATEGY-01,1. Procedural / Fluency,"Alg1, Alg2, PreCalc, APCalc","Warm-Up, Practice, Quick Check","any topic with 2+ valid solution strategies (factoring, limits, integration technique)",short constructed-response,equation/expression,2 (apply known procedure after correct classification) — does not reach 3 unless multiple structurally different problems are bundled and compared,"Apply, and Analyze (classification step)","whether the student has procedure *recognition*, not just execution","a unit has multiple procedures students conflate (e.g., u-substitution vs. direct integration)",there's only one plausible strategy — the classification step becomes fake,Formative/Practice only — trivially memorized once strategy-cues are known,"AP Calculus CED Skill 1.C (""Identify an appropriate mathematical rule or procedure based on the classification of a given expression"")"
PROC-MULTISTEP-CHAIN-01,1. Procedural / Fluency,all math/science courses,"Notes, Practice, Exit Ticket, Quick Check, Summative",any task where an intermediate result is required to obtain the final requested result,short or extended constructed-response; usually one final requested answer,"equation/expression/data/diagram as appropriate, with intermediate work visible when useful","2–3. More steps alone do not raise DOK. DOK rises only when the student must decide what intermediate quantity is needed, choose among relationships, or interpret the intermediate result before continuing.","Apply, Analyze when the student must determine the needed intermediate quantity/relationship",whether the student can connect dependent ideas and carry a meaningful intermediate result into a final solution rather than treating procedures as isolated facts,"the learning target genuinely requires a chain, such as finding volume before density, inferring a constant speed from one trip before predicting another trip, or determining a temperature change before converting that change to another scale","a second calculation is appended only to make the problem longer, or when two unrelated answers are requested with no dependency between them",Summative-safe with new values/context when the chain itself must be reasoned through,"user-defined curriculum rule for meaningful dependent multi-step work; aligned with general chained-procedure structures but intentionally revised so multi-step means dependency, not merely multiple formulas or multiple answers"
REPTRANS-TRANSLATE-VERBAL-SYMBOLIC-01,2. Representation Transfer,"Alg1, Alg2, cross-curricular","Notes, Warm-Up, Practice","equation-writing, expression-building",matching or short constructed-response,prose → equation (or reverse),"1–2 (translation is DOK 2 when the sentence structure is non-trivial, e.g. layered comparisons)",Understand,whether a student can separate mathematical structure from surface wording,"introducing equation-writing, or diagnosing whether errors are conceptual (setup) vs. computational (execution) — pair with PROC problems to isolate which","context is too thin to actually require translation (single-step ""x plus 3 is 10"" type items add no value at DOK 2)",Formative,"CPM's ""match mathematical sentence to translation"" lesson-opener pattern (matching multiple close variants, not a single translate-and-solve item)"
REPTRANS-GRAPH-TABLE-EQUATION-01,2. Representation Transfer,"Alg1, Alg2, PreCalc, APCalc, Physics","Notes, Practice, Summative","functions, relations, motion, any covariational relationship","graph/diagram production, table completion, or short constructed-response",student produces one representation given a different one (any pairing of graph/table/equation/verbal),"2, reaching 3 if the representation given is incomplete/noisy (e.g., a table with unevenly spaced x-values) and the student must first determine structure before transferring","Understand, Apply","whether a student's understanding of a concept (e.g., ""rate of change"") is representation-independent or tied to one format","you want to know if a student has a genuine concept of a feature (slope, limit, period) vs. a procedural trick for one representation only",used as pure busywork transfer with no new structural feature to identify (transferring a trivial y = x + 1 gains nothing),Summative-safe with parameter variation,"AP Calculus CED Skill 2.C (""Identify a re-expression of mathematical information presented in a given representation""); pattern also present throughout CPM's routine pairing of table/equation/graph for the same model"
REPTRANS-MULTIPLE-SIMULTANEOUS-01,2. Representation Transfer,"Alg1, Alg2, PreCalc, APCalc","PT, Summative",function modeling,"extended constructed-response, three-part","all three of table, equation, graph, produced by the student from the same verbal prompt, with solution required in all three","3 (requires students to explain *why* the solution appears consistently across representations, not just produce three separate answers)","Apply, Analyze",whether a student sees representations as equivalent views of one relationship rather than three disconnected procedures,"capstone/PT tasks where representation fluency itself is the target, not just the underlying algebra",the underlying algebra is itself the target skill being newly introduced — layering three representations on a brand-new skill overloads working memory,"Summative-safe, ideal for PT","CPM's ""represent this problem with tables, equations, and one graph; use each representation to find the solution"" task framing (a documented, recurring CPM instruction pattern, not a specific problem)"
MODEL-COMPARE-TWO-LINEAR-01,3. Model Construction & Comparison,"Alg1, Alg2","Practice, PT, Summative","linear/exponential growth comparison, break-even, intersection-in-context",extended constructed-response,equation and graph minimum; table optional,"3 (student must decide how to compare, not just execute a given comparison)","Apply, Analyze","whether a student understands intersection as ""equal outputs,"" not just ""solve the system because that's the unit""","introducing systems of equations in context, or connecting linear models to exponential ones for growth-rate reasoning","the ""compare two things"" framing is bolted onto a routine system-solving problem without a genuine decision point (e.g., if it's obvious from the setup which grows faster, there's no real comparison happening)",Summative-safe with new contexts/rates each version,"CPM's recurring two-growth-rate comparison task type (documented pattern across multiple CC Algebra lessons, not a specific problem)"
MODEL-SELECT-BEST-FIT-01,3. Model Construction & Comparison,"Alg1, Alg2, PreCalc, Physics, Bio","Practice, Summative",data modeling — linear vs. quadratic vs. exponential,short constructed-response with justification,data set (table or scatterplot) → model type + equation,3,"Analyze, Evaluate","whether a student can reason about model *appropriateness*, not just curve-fitting mechanics","you want to prevent the common failure mode of students defaulting to ""linear"" for every data set",the data set has an obvious visual signature that removes the reasoning (a extremely curved scatterplot makes the justification trivial),Summative-safe with new data sets,"general model-selection framing informed by CPM's ""models are usually not perfect representations"" framing around line-of-best-fit lessons"
INVERSE-GIVEN-OUTPUT-FIND-INPUT-01,4. Inverse / Reverse Reasoning,"all math courses, Physics","Practice, Warm-Up, Summative","any invertible process (functions, equations, physics formulas)",short constructed-response,equation,"2, reaching 3 when the inverse is non-unique and student must reason about which solutions are valid in context (domain restrictions)","Apply, Analyze (when domain-restriction reasoning is required)","whether a student's procedural fluency is direction-independent, i.e. a genuine grasp of the relationship rather than a memorized forward algorithm",following a unit that has only practiced forward computation — this is the natural check for whether understanding is bidirectional,the inverse operation is trivial/identical to the forward one (little new reasoning gained),Summative-safe,general algebra/physics pattern; domain-rejection reasoning drawn from standard projectile-motion task structure
INVERSE-WORK-BACKWARD-FROM-GRAPH-01,4. Inverse / Reverse Reasoning,"APCalc, PreCalc, Physics","Practice, Summative","derivative/rate graphs, velocity-position relationships",graph/diagram production,"graph → graph (student sketches the ""opposite"" function)",3,Analyze,whether a student has a graphical/conceptual understanding of the derivative relationship independent of algebraic differentiation,"reinforcing that the derivative is a *rate of change relationship*, not just a symbol-pushing operation","students haven't yet built the sign-to-shape reasoning explicitly in notes — this architecture assumes that connection has been taught, not discovered cold",Summative-safe (graph can vary each version),"standard AP Calculus ""work backward"" framing; explicitly named as a sample instructional activity type in the AP Calculus CED (Unit 1, ""Work Backward"" activity)"
ERROR-DIAGNOSE-WORKED-SOLUTION-01,5. Error Diagnosis / Misconception,all math/science courses,"Practice, Formative, Exit Ticket","any procedure prone to a specific, well-documented student error",short constructed-response,worked solution (given) + prose explanation (produced),"3 (requires evaluating someone else's reasoning, not just executing your own)","Analyze, Evaluate","direct evidence of whether the student holds the specific misconception themselves, since correctly diagnosing it usually requires not making the same error","you have identified a specific, recurring class error (e.g., from a prior bank audit) worth targeting directly","used generically without a real, documented misconception behind it — becomes an empty ""find the mistake"" exercise with no diagnostic value",Formative-preferred; fine for Summative if the specific worked solution varies,"general error-analysis architecture; matches the ""diagnose flawed reasoning"" pattern flagged as needed in the Physics bank audit (see [[physics-curriculum]] pass_bad_questions system)"
ERROR-CRITIQUE-CLAIM-01,5. Error Diagnosis / Misconception,all math/science courses,"Practice, Formative, Discourse/Reflection",any topic with a common surface-plausible but wrong claim,short constructed-response,prose claim (given) + prose/quantitative rebuttal or support (produced),"3, can reach 4 if evaluating the claim requires the student to design or reference an investigation (pairs well with EXPDESIGN architectures)",Evaluate,"whether the student can construct an argument using evidence, not just recall the correct fact",targeting scientific-argumentation or mathematical-justification skills explicitly (CER-adjacent tasks),the claim is unambiguously true or false with no reasoning required to see it — becomes a disguised recall question,"Formative-preferred (open response is easy to game via memorized ""correct"" essay if reused)","general CER-style claim-evidence-reasoning structure, informed by the AP CED's ""Think Aloud"" sample activity type"
ESTIMATE-BEFORE-COMPUTE-01,6. Estimation & Approximation,all math/science courses,"Warm-Up, Notes",any computation with an intuitive magnitude check available,"short constructed-response (two-part: estimate, then compute)",numeric/prose estimate + full computation,2,"Understand, Apply","number sense and whether a student can self-check for reasonableness — catches ""calculator answers that don't make sense"" errors","building the habit of sanity-checking answers, especially before a unit involving calculator/technology use",the quantity has no intuitive magnitude reference for estimation (some abstract algebra contexts),Practice/Formative only,"general numeracy practice; also reflects Finney calc textbook's recurring ""Now try Exercise"" pattern of pairing conceptual estimate with algebraic confirmation (e.g., graphical estimate before algebraic solve)"
ESTIMATE-BOUND-CONFIDENCE-01,6. Estimation & Approximation,"APCalc, Physics, Bio, Chem","Practice, Summative","Riemann sums, measurement uncertainty, error propagation",short constructed-response,numeric with justified bound (over/under-estimate),3,Analyze,"whether students understand *why* an approximation method over/underestimates, not just how to compute it",reinforcing the conceptual link between Riemann sum type and function behavior,the function's monotonicity/concavity isn't given or determinable — the reasoning step has nothing to stand on,Summative-safe,standard AP Calculus reasoning pattern tied to CED Unit 6 (Integration and Accumulation of Change)
COMPARE-COMPETING-METHODS-01,7. Comparison & Justification of Methods,all math/science courses,"Notes, Practice, Discourse/Reflection",any topic with two genuinely valid solution strategies,short constructed-response,"two given worked solutions (correct, different methods) + prose comparison",3,"Analyze, Evaluate",depth of conceptual understanding — whether a student sees a topic as one rigid procedure or a flexible set of equivalent approaches,"two genuinely viable strategies illuminate an important distinction (e.g., completing the square vs. quadratic formula — one reveals vertex form, the other doesn't)","one ""method"" is actually wrong (that's ERROR-DIAGNOSE, not this) or the two methods are trivially identical with cosmetic differences — do not use as a generic wrapper for routine computation",Formative-preferred (open comparative reasoning is easy to templatize if reused verbatim),direct response to the documented Student A/Student B overuse failure in the Physics banks — this entry exists specifically to constrain that pattern to its valid use case
COMPARE-EFFICIENCY-CONTEXT-01,7. Comparison & Justification of Methods,"Alg1, Alg2, PreCalc","Practice, Summative",any topic where method choice depends on the specific numbers/structure given,short constructed-response,problem (given) + method choice with justification (produced),3,"Analyze, Evaluate",flexible strategic thinking vs. rote default-method application,students have a tendency to default to one memorized method regardless of structure (a very common failure mode worth targeting directly),all valid methods are genuinely equally efficient for the given instance,Summative-safe with new instances,"general strategic-flexibility framing, informed by CPM's frequent framing of ""which representation/method is most useful here"" discussion prompts"
PREDICT-EXTRAPOLATE-MODEL-01,8. Prediction & Extrapolation,"Alg1, Alg2, PreCalc, Bio, Physics","Practice, PT, Summative","any fitted model (linear, exponential, quadratic)",short constructed-response,data/model (given) → predicted value + reliability judgment (produced),3,"Apply, Evaluate","whether a student understands models as approximations with a validity range, not universal truth-generators","following any line/curve-of-best-fit unit, to counter the common failure of blind extrapolation",the prediction point is close enough to the data that reliability isn't a genuine question,Summative-safe,"CPM's recurring line-of-best-fit / prediction lesson structure (documented recurring pattern, not a specific problem)"
CONDITION-VERIFY-THEOREM-01,9. Theorem-Condition / Hypothesis Verification,"APCalc, Geo, PreCalc","Notes, Practice, Summative","any theorem with explicit hypotheses (IVT, MVT, Continuity, Squeeze Theorem, triangle congruence theorems)",short constructed-response,given function/figure + prose verification,"2–3 (3 when a hypothesis fails and student must explain *why* the theorem breaks down, not just say ""no"")","Understand, Analyze",whether students verify hypotheses out of habit or skip straight to applying conclusions (a well-documented AP scoring-loss pattern),"used consistently across a unit so hypothesis-checking becomes automatic, not a one-off gotcha",the hypotheses are trivially satisfied every time in your item set — the verification step becomes rote and stops being checked for real,Summative-safe,"AP Calculus CED Skill 3.C (""Confirm whether hypotheses or conditions of a selected definition, theorem, or test have been satisfied"") — the CED explicitly instructs ""students should establish the practice of explicitly verifying hypotheses before applying theorems"""
CONDITION-CLASSIFY-CASE-01,9. Theorem-Condition / Hypothesis Verification,"Geo, Alg2, PreCalc","Practice, Notes","classification tasks (triangle congruence criteria, conic sections, function families)",short constructed-response or selected-response,given information (diagram/equation) → classification + justification,2–3,"Understand, Analyze",whether students apply formal definitions or rely on visual/surface pattern-matching,a unit introduces several categories that share surface similarities,categories are visually unambiguous — no real classification reasoning occurs,Summative-safe,standard geometry classification-task structure; framing informed by Glencoe's counterexample-generation pattern for testing whether a general rule holds
DATA-BESTFIT-PREDICT-01,10. Data Interpretation,"Alg1, Alg2, Bio, Physics","Practice, PT, Summative","scatterplot analysis, correlation, line/curve of best fit",extended constructed-response,data set/scatterplot (given) → equation + prediction + reliability statement (produced),3,"Apply, Evaluate","whether a student critically evaluates a model's fit, not just mechanically executes regression",paired with MODEL-SELECT-BEST-FIT for full data-modeling fluency,the data is too clean — every real modeling task should include at least mild scatter/noise,Summative-safe with new data sets,CPM's line-of-best-fit lesson structure combined with AP-style outlier/reliability reasoning
TABLE-RECONSTRUCT-MISSING-CELLS-01,10. Data Interpretation,"Alg1, Alg2, Chem (stoichiometry tables), Physics (kinematics tables)","Practice, Warm-Up",any relationship expressible in a table with a consistent rule,table completion,partial table (given) → completed table + stated rule (produced),"2, reaching 3 if the table's spacing is irregular enough that pattern-continuation is actively unreliable","Apply, Analyze",whether a student has the actual functional rule vs. just a local pattern-completion trick,"you specifically want to break students of iterative ""add 3 each time"" pattern habits for a relationship that isn't actually linear",the relationship is genuinely linear with even spacing — pattern-continuation is a valid strategy there and shouldn't be treated as wrong,Formative,general function-table structure; scattered-blank design specifically informed by CPM's non-adjacent data table style
MISSING-INFO-IDENTIFY-NEEDED-01,11. Missing-Information / Underdetermined,all math/science courses,"Practice, Discourse/Reflection",any multi-variable relationship or formula,short constructed-response,"underdetermined problem (given) → identification of missing quantity (produced), no numeric solution required",3,"Analyze, Evaluate","whether a student understands the *structure* of a formula/relationship well enough to know what it depends on, rather than pattern-matching to ""plug numbers into formula""","countering the common failure of students attempting to solve anything presented as a ""solve for X"" problem regardless of whether it's actually solvable","used too frequently — if every problem in a set is unsolvable, students learn to distrust all problems rather than developing real judgment",Formative-preferred,"general critical-reasoning architecture; explicitly designed as a countermeasure to the ""always solvable"" assumption baked into most textbook problem sets"
ARGUE-COUNTEREXAMPLE-01,"12. Argument, Justification & Counterexample","Alg1, Alg2, Geo, PreCalc","Practice, Notes, Discourse/Reflection",any general claim/conditional statement that is sometimes but not always true,short constructed-response,general claim (given) → specific counterexample or valid-conclusion judgment (produced),3,"Analyze, Evaluate",whether a student can search for edge cases rather than accepting general claims after checking one or two confirming examples,targeting the common student habit of over-generalizing from limited examples,the claim's truth value is obvious without any search (defeats the purpose),Summative-safe if the claim set rotates,"Glencoe's deductive reasoning / counterexample lesson structure (Study Guide and Intervention: ""you need to find only one counterexample for the statement to be false"")"
ARGUE-JUSTIFY-GENERAL-CASE-01,"12. Argument, Justification & Counterexample","Alg1, Alg2, Geo, PreCalc, APCalc","Notes, PT, Summative","any pattern/rule that holds for a general case (algebraic identities, geometric theorems, number patterns)",extended constructed-response,prose/symbolic proof or general argument,3–4 (4 when full formal proof/generalization to arbitrary n or arbitrary case is required),"Analyze, Create (when the student must construct the argument structure themselves)",whether a student distinguishes empirical confirmation from genuine proof,a unit's culminating task should assess conceptual depth beyond procedural fluency,students haven't yet been taught what a general argument looks like in this domain — introduce via modeling before assessing,"Summative-safe, strong PT candidate","general proof/generalization architecture, standard across Common-Core-aligned algebra materials (Pearson's ""Essential Understanding"" framing routinely sets up general-case claims before specific practice)"
GRAPH-INFER-BEHAVIOR-01,13. Graphical Inference,"Alg1, Alg2, PreCalc, APCalc, Physics","Practice, Summative","any function/relationship where qualitative features (increasing/decreasing, sign, extrema, asymptotes, concavity) can be read from a graph without an equation",short constructed-response,graph only (no equation given) → qualitative feature identification (produced),"2, reaching 3 when features must be inferred by combining multiple graphical cues (e.g., determining concavity from a velocity-vs-time graph)","Understand, Analyze",whether a student's understanding of a feature is graph-native or dependent on having an equation to fall back on,you want to confirm conceptual (not just computational) fluency,the graph is too simple/idealized to distinguish related features from each other,Summative-safe,standard physics/calculus graph-reading architecture; the velocity-vs-position framing specifically targets a commonly documented misconception (confusing position and velocity graphs)
GRAPH-CONSTRUCT-FROM-CONSTRAINTS-01,13. Graphical Inference,"Alg1, Alg2, PreCalc, APCalc","Practice, PT",any function family,graph/diagram production,"verbal constraints (given) → original graph satisfying all constraints (produced) — deliberately open-ended, many correct answers exist",3–4,"Create, Evaluate (self-verification against constraints)","whether a student holds an integrated mental model of multiple graphical features simultaneously, rather than being able to identify each feature only in isolation",as a culminating/PT task after multiple individual GRAPH-INFER items have been used to build each feature separately,used before students can reliably read individual features — this architecture assumes GRAPH-INFER-level skills are already solid,Summative-safe (infinite valid answers make answer-sharing largely useless),"standard AP Calculus ""construct a function from qualitative behavior"" task type, widely used to assess conceptual (not computational) understanding of derivative behavior"
CER-CLAIM-EVIDENCE-REASONING-01,"14. Experimental Design / CER (Physics, Chem, Bio)","Physics, Chem, Bio","Practice, PT, Summative",any phenomenon explainable by a scientific principle,extended constructed-response,"data/observation (given) → claim + evidence + reasoning (produced), explicitly labeled",3,"Analyze, Evaluate","whether a student can construct scientific argument structure, not just recall the correct principle",it's the target skill itself (AP Science Practices explicitly include this structure),used for a phenomenon whose principle hasn't been taught yet — CER requires a reasoning resource to draw on,Formative-preferred; Summative-safe if phenomenon/data varies,standard CER framework used broadly in NGSS-aligned science instruction; matches the learning-ladder Science Practices already built into [[physics-curriculum]]
EXPDESIGN-CONTROL-VARIABLE-01,"14. Experimental Design / CER (Physics, Chem, Bio)","Physics, Chem, Bio","Practice, PT",any investigable relationship between two or more variables,extended constructed-response,"research question (given) → experimental design (produced): independent/dependent/controlled variables, procedure outline","4 (genuine experimental design, non-routine, requires synthesis)","Create, Evaluate","whether a student understands controlled-variable logic as reasoning about confounds, not just a checklist habit",used as a PT or unit-culminating task tied to an actual or simulated investigation,"used as a routine practice item — DOK 4 tasks are appropriately rare, not a daily architecture",Summative-safe (open design space resists memorization),standard experimental-design task type; aligned to AP Science Practices and the Science Practices structure already used in the [[physics-curriculum]] learning ladders
CER-MECHANISM-EXPLAIN-01,"14. Experimental Design / CER (Physics, Chem, Bio)","Physics, Chem, Bio","Notes, Practice, Summative","any phenomenon with an underlying causal mechanism (why, not just what)",short constructed-response,phenomenon/observation (given) → mechanistic explanation (produced),2–3 (3 when the mechanism involves multiple interacting causes),"Understand, Analyze",whether a student has moved from descriptive to explanatory/mechanistic understanding,"routinely, as the standard ""why"" companion to a ""what"" observation task",the mechanism hasn't been taught — don't use to introduce new content cold,Formative-preferred,"general mechanism-explanation architecture, standard in Hewitt-style conceptual physics instruction (used across [[physics-curriculum]])"
MULTISTEP-SYNTHESIS-CROSS-UNIT-01,15. Multi-Step Synthesis,"all courses, as capstone tasks","PT, Summative (final review)",any two skills from different units that combine naturally,extended constructed-response,"mixed, as needed by the combined skills",3,"Apply, Analyze",retention of earlier material and ability to recognize when it's needed without being told,"built for cumulative review, midterms, or finals","used routinely within a single unit — defeats the ""cross-unit"" purpose and just becomes a longer version of PROC-MULTISTEP",Summative-safe,"general cumulative-assessment design principle, standard practice for final/midterm construction"
MULTISTEP-REAL-CONTEXT-DECOMPOSE-01,15. Multi-Step Synthesis,"Alg1, Alg2, Physics, Chem","PT, Summative",any applied context requiring the student to identify which sub-problems are embedded,extended constructed-response,"rich context (given, more information than strictly needed) → decomposition into sub-questions + solution (produced)",3–4,"Analyze, Apply","whether a student can structure an ill-defined real problem into solvable pieces, the actual transferable skill behind ""word problems""","used sparingly, as a genuine capstone/PT task",used as routine practice — decomposition-from-scratch is cognitively demanding and shouldn't be the daily default,Summative-safe,general applied-modeling task structure; matches CPM's habit of embedding real-context word problems with more narrative detail than strictly required for the computation
PATTERN-EXTEND-NUMERIC-01,16. Pattern Recognition & Generalization,"Alg1, Alg2, cross-curricular (any grade band)","Warm-Up, Practice","sequences, numeric/visual patterns",short constructed-response,sequence of terms/figures (given) → next term(s) + stated rule (produced),"2, reaching 3 when the far term requires the closed-form rule rather than iteration","Understand, Analyze",whether a student has the generating rule or is just iterating one step at a time,introducing sequences/functions as rules rather than lists,"the ""far term"" is close enough that iteration is just as fast as the rule — defeats the purpose",Formative,"Cuoco/Goldenberg/Mark ""pattern sniffers"" habit of mind — general framing that instruction should require rule-finding, not just pattern-continuation"
PATTERN-GENERALIZE-CLOSED-FORM-01,16. Pattern Recognition & Generalization,"Alg2, PreCalc, APCalc (sequences/series units)","Notes, Practice, Summative","arithmetic/geometric sequences, series, recursive-to-explicit conversion",short constructed-response,several specific cases (given) → general/closed-form expression (produced),3,"Analyze, Create",whether a student generalizes or merely pattern-matches to the presented cases,paired with a verification step against an untested case,"used without ever asking the student to check their generalization — an unchecked ""guess a formula"" task doesn't confirm real generalization occurred",Summative-safe,"general algebra sequence-generalization structure; explicitly informed by Hess Cognitive Rigor Matrix's DOK 3 descriptor ""generalize a pattern"""
PARAM-VARY-CONJECTURE-01,17. Parameter Exploration & Experimentation,"Alg1, Alg2, PreCalc, APCalc, Physics","Notes, PT","any family of functions/relationships with a controllable parameter (slope, coefficient, amplitude, spring constant)",extended constructed-response,graph or table across multiple parameter values (produced by student) → written conjecture (produced),3,"Analyze, Create (conjecture formation)","whether a student can isolate a variable's effect through controlled comparison, a directly transferable skill to experimental science","introducing how a parameter affects a graph/behavior (transformations of functions, effect of amplitude/period in trig, effect of a rate constant)","the parameter's effect is already explicitly stated in notes — this architecture is for discovery, not review of known facts","Formative-preferred (discovery-oriented, not ideal to re-use verbatim)","Cuoco/Goldenberg/Mark habits-of-mind ""experimenters"" and ""tinkerers"" framing (fix all but one variable, vary parameters in regular ways); also matches AP Calculus CED's ""Create Representations"" sample activity type"
PARAM-EXTREME-CASE-01,17. Parameter Exploration & Experimentation,"PreCalc, APCalc, Physics","Notes, Practice, Summative","limits, asymptotic behavior, boundary conditions in physics formulas",short constructed-response,general expression/relationship (given) → behavior at an extreme/limiting case (produced),3,Analyze,whether a student uses extreme/limiting cases as a genuine reasoning strategy (a hallmark of expert problem-solving) rather than only computing within given bounds,"introducing limits, asymptotes, or ""what if this term is negligible"" physics reasoning",the extreme case is degenerate/undefined with no instructive value,Summative-safe,"Cuoco/Goldenberg/Mark ""extreme cases and passing to the limit"" — an explicitly named geometric/mathematical habit of mind"
INVARIANT-IDENTIFY-UNDER-TRANSFORM-01,18. Invariant & Transformation Reasoning,"Geo, Alg2, PreCalc","Notes, Practice","rigid transformations, function transformations, algebraic manipulations",short constructed-response,"object before/after a transformation (given, as diagram or expression) → identification of what stayed the same vs. what changed (produced)",2–3,Analyze,whether a student understands transformations structurally (what property defines the transformation) rather than just being able to execute one,"consolidating a transformations unit, specifically to prevent surface-level ""it just looks moved"" understanding",used before students can perform the transformation itself — invariant-reasoning assumes procedural fluency already exists,Summative-safe,"Cuoco/Goldenberg/Mark ""seeking geometric invariants"" — a named geometric habit of mind; also reflects Big Ideas Math's ""Structure"" (MP7) exercise framing"
CONTINUOUS-DEFORM-GENERALIZE-01,18. Invariant & Transformation Reasoning,"Geo, PreCalc","PT, Notes (with dynamic geometry tool)","circle theorems, geometric relationships that hold across a continuous family of configurations",extended constructed-response,"diagram with a movable element (given, ideally via dynamic geometry software) → general relationship that holds across all positions (produced)",4,"Analyze, Create","deep structural understanding of why a theorem is true across all cases, not just verification in one static diagram","used as a rare, high-value discovery task introducing a major theorem (inscribed angle theorem and its special cases are a classic example)","used routinely — this is a DOK 4 discovery architecture, appropriately infrequent","Formative/discovery-only, not summative","Cuoco/Goldenberg/Mark ""reasoning by continuity"" habit of mind, explicitly illustrated in their own writing using the inscribed-angle-theorem example as the canonical case"
PROBLEM-POSE-FROM-CONSTRAINTS-01,19. Problem Posing,all math/science courses,"PT, Notes (peer-exchange activities)",any topic where a class of valid problems shares a target structure,"extended constructed-response (student writes a new problem, then solves it)","constraints (given: e.g., ""must require factoring a trinomial with a negative leading coefficient"") → original problem + solution (produced)",4,Create,"genuine mastery of a problem type's structure — a classic sign a student ""gets it"" is being able to construct new correct instances of it","as a unit-culminating or review task, especially good for peer-exchange activities (CPM's collaborative structure fits naturally here)","used with a skill that's still shaky — problem-writing requires more fluency than problem-solving, not less",Summative-unsuitable as a graded item bank source (every instance is unique by design) but excellent for PT/review,"Hess Cognitive Rigor Matrix DOK 4 Create descriptor, ""formulate an original problem given a situation"""
PROBLEM-POSE-MATCH-TARGET-01,19. Problem Posing,"Alg1, Alg2, PreCalc","Practice, Notes",any topic where a specific target answer/equation is given,short constructed-response,target equation or answer (given) → original context/scenario that would produce it (produced),3–4,"Create, Evaluate (self-checking that the scenario matches)","whether symbolic fluency is connected to real-world meaning, or purely mechanical",used after REPTRANS-TRANSLATE-VERBAL-SYMBOLIC has been taught in the forward direction — this is the natural reverse-direction follow-up,introducing equation-writing for the first time — this reverse task assumes forward translation is already comfortable,Formative-preferred,"general reverse-translation architecture, a natural complement to CPM's forward-direction ""match sentence to translation"" pattern"
UNITCONV-DIMENSIONAL-CHAIN-01,20. Unit Conversion & Dimensional Reasoning,"Physics, Chem, Alg1 (rates/ratios units)","Warm-Up, Practice","any multi-unit conversion (metric/customary, compound units like m/s to km/h)",short constructed-response,"given quantity with units → converted quantity via explicit factor-label/dimensional-analysis chain (produced, showing units canceling)",2,Apply,"whether a student tracks units as a self-checking mechanism, a foundational science skill","early in any science course, and as a recurring low-stakes check throughout",the conversion is trivial (single familiar factor) — save the architecture for genuinely multi-step chains where unit-tracking prevents errors,Summative-safe (numbers/units vary easily),"standard factor-label method used across Glencoe and Pearson science-adjacent materials; Hess CRM DOK 1–2 descriptor ""make conversions among representations or numbers, within and between customary and metric measures"""
UNITCONV-VERIFY-PLAUSIBILITY-01,20. Unit Conversion & Dimensional Reasoning,"Physics, Chem","Practice, Formative",any formula combining multiple physical quantities,short constructed-response,"a claimed formula or equation (given, possibly incorrect) → dimensional check (produced)",3,"Analyze, Evaluate","whether a student can use dimensional analysis as an error-checking tool, a genuine practicing-scientist habit","paired with VERIFY-REASONABLENESS as part of a broader ""sanity check your work"" instructional emphasis",students haven't yet learned to track units through formulas — this assumes UNITCONV-DIMENSIONAL-CHAIN fluency already exists,Formative-preferred,"standard physics dimensional-analysis-as-error-check technique, widely used across conceptual physics instruction (Hewitt-style courses, informing [[physics-curriculum]])"
VECTOR-DECOMPOSE-COMPONENTS-01,21. Vector & Diagram Construction (Physics),Physics,"Notes, Practice, Summative","projectile motion, inclined planes, force analysis",short constructed-response + diagram,"vector at an angle (given) → x/y component decomposition (produced), with diagram","2–3 (3 when the angle reference is non-standard and requires geometric reasoning to set up correctly, not just formula recall)","Apply, Analyze","whether a student understands vector decomposition geometrically or has just memorized ""x is cosine""",varying the angle reference deliberately across a problem set to prevent the sine/cosine memorization shortcut,always using the same angle reference (horizontal from the right) — this is exactly what allows the memorization shortcut to go undetected,Summative-safe,standard physics vector-decomposition task type; angle-reference-variation strategy included specifically as a countermeasure to a well-documented sine/cosine memorization shortcut
FREEBODY-DIAGRAM-CONSTRUCT-01,21. Vector & Diagram Construction (Physics),Physics,"Notes, Practice, Summative","forces, Newton's laws",diagram production + short constructed-response,"described physical situation (given, prose or picture) → free-body diagram with labeled forces (produced)",3,"Analyze, Apply",whether a student can correctly identify which forces act on which object — the single most diagnostic skill for early mechanics understanding,"used consistently as a required first step before any force-based numeric problem, not just as a standalone task","never — this should be a default companion step attached to nearly every force-related problem, not a rare special architecture",Summative-safe,"standard, near-universal physics instructional architecture; explicitly a Science Practice skill embedded in the [[physics-curriculum]] learning ladders"
INFO-SCREEN-RELEVANT-IRRELEVANT-01,22. Information Screening,all math/science courses,"Practice, Summative","any context-rich problem, data table, or graphic with more information than needed",short constructed-response,"data-rich context/table/graphic (given, with excess information) → identification of which pieces are needed vs. not, plus the solution (produced)",2–3,Analyze,whether a student solves by understanding the problem's actual structure or by reflexively using every number given,"real-world, realistically messy contexts are used (paired well with MULTISTEP-REAL-CONTEXT-DECOMPOSE)",the excess information is so obviously irrelevant that no real filtering judgment occurs,Summative-safe,"Hess Cognitive Rigor Matrix DOK 2 descriptor ""identify whether specific information is contained in graphic representations,"" extended to a full relevance-screening task"
VERIFY-REASONABLENESS-01,23. Verify Reasonableness / Self-Check,all math/science courses,"Practice, Exit Ticket",any computed numeric result with a real-world interpretation,short constructed-response,"a computed answer (given, sometimes wrong by an order of magnitude or a sign error) → reasonableness judgment + explanation (produced)",3,Evaluate,"whether a student has real-world number sense as a check on procedural work, catching the common ""I got a negative answer for a length and didn't notice"" failure mode","used as a recurring, low-stakes exit-ticket habit rather than a rare special task",the context has no clear real-world sense to check against (purely abstract symbolic problems),Formative,"Hess Cognitive Rigor Matrix DOK 3 Evaluate descriptor, ""verify reasonableness of results""; also directly reflects ESTIMATE-BEFORE-COMPUTE-01's complementary skill (checking after, rather than predicting before)"
TRANSFER-NOVEL-CONTEXT-01,24. Transfer to Novel Context,"all courses, especially strong for Summative/final review","Summative, PT",any concept that's been taught in one recurring context and needs testing in a genuinely new one,extended constructed-response,matches whatever the novel context requires,"3–4 (4 when the student must also recognize *that* the concept applies before applying it, with no signal)","Apply, Analyze (recognition step)",genuine understanding vs. context-bound pattern matching — the single best test of whether a skill has actually transferred,used sparingly on summative assessments/finals specifically to distinguish deep from surface learners,"used in routine practice, where predictable, signaled contexts are more appropriate for skill-building","Summative-safe, ideal use case","Hess Cognitive Rigor Matrix DOK 3 Evaluate/Apply descriptor ""apply understanding in a novel way""; general transfer-assessment principle standard in assessment design literature"
SYNTHESIZE-MULTISOURCE-01,25. Synthesis Across Multiple Sources,"APCalc, Physics, Chem, Bio, PT tasks generally","PT, Summative (capstone)",any question answerable only by combining two distinct given sources/data sets,extended constructed-response,two or more independent data sets/graphs/texts (given) → single integrated answer requiring both (produced),4,"Analyze, Evaluate, Create","whether a student can integrate multiple pieces of evidence into one coherent conclusion, a capstone-level skill","used as a rare, high-value PT or final-review task",used routinely — DOK 4 multi-source synthesis is appropriately infrequent and cognitively demanding,Summative-safe,"Hess Cognitive Rigor Matrix DOK 4 Create descriptor, ""synthesize information across multiple sources or texts"""
DISCRIMINATE-ODD-ONE-OUT-01,26. Discrimination / Odd-One-Out,all math/science courses,"Warm-Up, Notes, Discourse/Reflection",any set of 3-4 items sharing multiple possible groupings,"short constructed-response, open-ended","3–4 items (equations, graphs, figures, values) → identification of which doesn't belong + justification (produced) — deliberately designed so more than one defensible answer exists",3,"Analyze, Evaluate",breadth of a student's property recognition — a student who can only find one valid grouping reveals narrower conceptual coverage than one who can articulate multiple,used as a discussion-opener (small groups can disagree productively) rather than a single-answer graded item,"grading strictly for one ""correct"" outlier — this defeats the architecture's entire purpose and punishes valid alternative reasoning",Formative/discussion-only; not appropriate as a single-answer summative item,"Big Ideas Math's ""Which One Doesn't Belong?"" named recurring feature, explicitly documented as encouraging ""debate and sense making"" tied to Mathematical Practice 3 (construct viable arguments and critique the reasoning of others)"
GEOM-TRANSFORM-DESCRIBE-COMPOSITION-01,"27. Geometry: Transformation, Similarity & Coordinate Proof","Geo, Alg2","Practice, Summative",sequences of rigid transformations mapping one figure to a congruent/similar one,short constructed-response,"two figures (given, before/after) → sequence of transformations that maps one to the other (produced)",3,"Analyze, Apply","whether a student can plan a multi-step transformation sequence, not just execute single named transformations","the two figures cannot be mapped by any single transformation, forcing genuine composition reasoning","a single transformation suffices — reduces to simple identification, not composition planning",Summative-safe,"standard geometry transformation-composition task type, common across Common-Core-aligned geometry sequences"
GEOM-COORDINATE-PROVE-PROPERTY-01,"27. Geometry: Transformation, Similarity & Coordinate Proof","Geo, Alg2","Practice, PT, Summative","coordinate proof (parallelogram properties, right triangles, distance/midpoint-based classification)",extended constructed-response,figure with coordinate vertices (given) → proof using distance/slope/midpoint formulas (produced),3,"Apply, Analyze","whether a student connects algebraic computation to geometric conclusion, not just correct arithmetic",bridging algebra and geometry units explicitly,"the connecting statement (what the algebra proves geometrically) isn't required in the rubric — without it, this collapses into plain slope/distance practice",Summative-safe,"standard coordinate-geometry proof architecture, common across Common-Core-aligned geometry sequences (Pearson/Prentice Hall style Essential Understanding framing)"
GEOM-SIMILARITY-INDIRECT-MEASURE-01,"27. Geometry: Transformation, Similarity & Coordinate Proof",Geo,"Practice, PT","similar triangles, indirect measurement",short constructed-response,real-world scenario with a measurable and an immeasurable quantity (given) → similar-triangle setup + solution (produced),3,"Apply, Analyze","whether a student recognizes similarity structure in a real context and can correctly justify it, not just execute a memorized ""shadow problem"" template",context varies enough that students can't pattern-match to one memorized shadow-problem setup,the same shadow-problem context is reused repeatedly — becomes memorized rather than reasoned,Summative-safe with context variation,"standard indirect-measurement/similar-triangles application, common across geometry curricula (CPM's Similarity Toolkit eTool references this task family directly)"
TRIG-IDENTITY-VERIFY-STRATEGIC-01,28. PreCalc: Trigonometric Reasoning,"PreCalc, APCalc","Practice, Summative",trig identity verification,extended constructed-response,"identity to verify (given) → strategic manipulation path (produced), working from one side to match the other",3,"Apply, Analyze","strategic flexibility with identities, not just memorized substitution chains","identity has multiple valid solution paths, so the strategic choice itself is meaningful",the identity has only one obvious path — reduces to PROC-MULTISTEP with no real strategic decision,Summative-safe,"standard PreCalc trig-identity task structure, present across Finney-style and CPM-style precalculus sequences"
TRIG-CONNECT-UNITCIRCLE-GRAPH-EQUATION-01,28. PreCalc: Trigonometric Reasoning,PreCalc,"Notes, Practice, Summative","unit circle, trig function graphs, trig equations",short constructed-response,"one of unit circle / graph / equation (given) → another representation (produced), specifically for periodic/trig relationships",2–3,"Understand, Apply","whether trig understanding is unit-circle-native or graph-native or both, versus memorized in only one representation","early in a trig-graphing unit, to prevent students from treating the unit circle and the graph as unconnected topics","the specific angle/point chosen is a ""nice"" special angle every time — vary to include non-special angles to prevent memorized lookup-table answers",Summative-safe,"general PreCalc representation-transfer pattern, specialized from REPTRANS-GRAPH-TABLE-EQUATION-01 for periodic functions"
CHEM-STOICH-FACTOR-LABEL-CHAIN-01,29. Chemistry: Stoichiometry & Equilibrium,Chem,"Practice, Summative","mole-mass-particle conversions, stoichiometric ratios",short constructed-response,"given quantity of one substance → quantity of another substance via a balanced equation (produced), showing the full factor-label chain",2,Apply,procedural fluency with the factor-label method specific to stoichiometry,"early in a stoichiometry unit, building the chain step by step before combining into longer multi-step conversions",used exclusively — pair with CHEM-EQUILIBRIUM-SHIFT-PREDICT or CER tasks so the unit isn't purely procedural,Summative-safe,"standard chemistry stoichiometry task structure, a domain-specialized instance of the PROC-MULTISTEP-CHAIN-01 architecture"
CHEM-EQUILIBRIUM-SHIFT-PREDICT-01,29. Chemistry: Stoichiometry & Equilibrium,Chem,"Practice, Summative","Le Chatelier's principle, equilibrium systems",short constructed-response,equilibrium system + a described perturbation (given) → predicted shift direction + justification (produced),3,"Apply, Analyze","whether a student applies Le Chatelier's principle through genuine reasoning about the system, or through memorized shift-direction rules that break down on edge cases (like equal-mole reactions under pressure change)","the item set deliberately includes at least one edge case (equal moles of gas, so pressure changes don't shift equilibrium) to test genuine understanding vs. rule memorization","every instance is a ""textbook standard"" case — edge cases are what actually differentiate real understanding here",Summative-safe,standard chemistry equilibrium task structure; edge-case design specifically informed by the general error-diagnosis principle established in ERROR-DIAGNOSE-WORKED-SOLUTION-01
SELRESP-SINGLE-MISCONCEPTION-CHECK-01,"30. Selected-Response, Low-Stakes Optimized",all courses,"Blooket, Quick Check, Warm-Up","any topic with one well-documented, specific misconception worth a fast check","selected-response (single best answer, 4 options)","minimal — short prompt, no extended context needed","1–2 (this format is intentionally low-DOK — it's built for speed and diagnostic precision, not depth)","Remember, Understand","rapid, low-stakes signal of whether a specific misconception is present class-wide (aggregate response data is more valuable than any single response)","used for fast formative checks (Blooket, warm-up polls) where speed and aggregate diagnostic signal matter more than depth","used as a Summative item, or when depth of understanding (not just presence/absence of one misconception) is the actual assessment target — this architecture is deliberately shallow by design","Formative/low-stakes only — not summative-safe, since selected-response with one obvious diagnostic distractor is easy to memorize","general fast-formative-check design principle, distinct from the constructed-response ERROR-DIAGNOSE architecture by being optimized for speed/aggregation rather than depth"
FRQ-MULTIPART-SHARED-CONTEXT-01,31. AP Calculus: FRQ-Style Multi-Part Architectures,APCalc (meta-architecture; also generalizes to Physics extended problems),"Summative, PT",any unit with 3+ skills that can share one setup,"extended constructed-response, multi-part (typically 3–4 parts, labeled a/b/c/d)","one shared context/setup (given) → multiple independently-scored sub-answers (produced), each testing a different skill against the same underlying object","3, with individual parts ranging 1–3",varies per part; the overall task typically spans Apply through Analyze,"a fuller picture of a student's understanding of one object from multiple angles, plus resilience — whether an early error cascades into total failure or the student can recover with follow-through work",used as the default structure for Summative items testing an entire unit's connected skills around one rich object,"the parts don't actually share meaningful structure — bolting unrelated questions together under one label isn't this architecture, it's just a numbered list",Summative-safe; this is the standard architecture for high-stakes assessment,structural pattern observed across AP Classroom Topic Questions scoring guides (format and point-allocation structure only — no specific problem content reproduced); this is also the canonical structure of released AP FRQs generally
TABLE-ESTIMATE-RATE-FROM-DATA-01,31. AP Calculus: FRQ-Style Multi-Part Architectures,APCalc,"Practice, Summative",derivative/rate estimation from discrete data,short constructed-response,data table with unevenly-spaced values (given) → difference-quotient estimate with units (produced),2,Apply,"whether a student understands the derivative as a rate estimated from local data, not only as a symbolic differentiation output","paired with a units-justification requirement (units of the rate must be stated correctly, e.g., meters/second²)",the table is evenly spaced with only one obviously correct pair to use — a slightly irregular table produces better reasoning evidence,Summative-safe with new data sets,"standard AP Calculus table-based rate-estimation task structure, observed consistently across AP Classroom Topic Questions covering derivative estimation from data (structure only)"
BOUND-JUSTIFY-VIA-SIGN-CONDITION-01,31. AP Calculus: FRQ-Style Multi-Part Architectures,APCalc,"Practice, Summative","accumulation/FTC reasoning, monotonicity arguments",short constructed-response,"a sign condition on a rate function (given) → an inequality bound on a related quantity's value (produced), without ever computing the quantity exactly",3,"Analyze, Evaluate",whether a student can reason rigorously about a quantity's value without needing to compute it exactly — a hallmark of genuine calculus understanding vs. purely computational fluency,paired with an accumulation-function or velocity/position context in Unit 4 or 6,the exact value actually is computable from given information — using a bound-argument when a precise answer exists undersells what should be asked,Summative-safe,"observed structural pattern across AP Classroom Topic Questions covering contextual applications of differentiation/integration (structure only — this is a well-known, widely-taught AP Calculus reasoning pattern, not unique content)"
ACCUMULATION-FUNCTION-MULTIPART-01,31. AP Calculus: FRQ-Style Multi-Part Architectures,APCalc,"Practice, Summative","Fundamental Theorem of Calculus, accumulation functions defined as g(x) = [constant] + ∫f(t)dt","extended constructed-response, multi-part","a graphically-defined integrand f (given, typically as a piecewise-linear graph) → evaluation, differentiation, and concavity analysis of the accumulation function g (produced across several parts)",3,"Apply, Analyze","whether a student has an integrated, FTC-fluent understanding connecting a function's graph to multiple derivative levels of a related accumulation function",used as a Unit 6 capstone item — this architecture efficiently tests several connected FTC skills in one task,"used before FTC itself has been solidly taught — this is a synthesis architecture, not an introductory one",Summative-safe with a new graph each version,structural pattern observed consistently across AP Classroom Topic Questions covering Unit 6 (Integration and Accumulation of Change); also directly reflected in the AP Calculus CED's emphasis on FTC as a connecting theorem across units
COMPOSE-ABSTRACT-FUNCTION-DERIVATIVE-01,31. AP Calculus: FRQ-Style Multi-Part Architectures,APCalc,"Practice, Summative","chain rule, product rule, quotient rule applied to functions defined only by graph or table (not explicit formula)",short constructed-response,"two or more functions defined abstractly (given, via graph/table, with only specific values/derivative-values known) → a derivative of their composition/product/quotient evaluated at a specific point (produced)",3,"Apply, Analyze","whether a student understands differentiation rules as general symbolic relationships (transferable to any function, known or not) rather than formula-manipulation tied to explicit algebraic expressions","reinforcing that derivative rules are structural, not tied to having an explicit formula — a common AP-level gap","introducing a new differentiation rule for the first time — abstract-function application should follow, not precede, formula-based practice",Summative-safe,"structural pattern observed consistently across AP Classroom Topic Questions covering Unit 3 (Composite, Implicit, and Inverse Functions); a well-established, widely-taught AP Calculus task structure"
NONEXISTENCE-VALID-ANSWER-01,31. AP Calculus: FRQ-Style Multi-Part Architectures,"APCalc, PreCalc","Practice, Summative","derivatives at non-differentiable points, limits at discontinuities, any concept with a legitimate ""does not exist"" outcome",short constructed-response,"a function/graph with at least one point where a requested quantity doesn't exist (given) → correct identification of non-existence with justification (produced), mixed among other sub-questions that DO have computable answers",3,"Analyze, Evaluate","whether a student has genuine conceptual understanding of existence conditions, or is trained to always produce a number",deliberately mixed into a set alongside normally-answerable items — the contrast is what makes it diagnostic,"used in isolation as an obvious ""gotcha"" flagged by context — the diagnostic value comes from it being indistinguishable in framing from a normal item until the student actually reasons through it",Summative-safe,"structural pattern observed repeatedly across AP Classroom Topic Questions (the ""find the value, or state that it does not exist"" phrasing recurs across multiple units) — this framing pattern itself, not any specific instance, is the architecture"
DIFFERENTIATE-WITH-SYMBOLIC-PARAMETER-01,31. AP Calculus: FRQ-Style Multi-Part Architectures,"APCalc, PreCalc, Alg2","Practice, Summative","any procedure (differentiation, solving, simplification) where a letter constant is carried through instead of a specific number",short constructed-response,"an expression containing a symbolic parameter (given, e.g., k, a, or b as an arbitrary constant) → the procedure's result, left in terms of that parameter (produced)",2–3 (3 when multiple dependent steps must each correctly retain the parameter),"Apply, Analyze",whether procedural understanding is general (works for any value) or dependent on having concrete numbers to compute with,following any procedure that's been practiced extensively with numeric values — this is a natural fluency check that the procedure is understood symbolically,"introducing the procedure for the first time — symbolic-parameter versions should come after numeric fluency is established, not before",Summative-safe,structural pattern observed across AP Classroom Topic Questions in multiple units (differentiation rules applied to functions with an arbitrary positive constant) — a standard AP-level technique for testing generalized procedural understanding
INVARIANT-PROVE-PARAMETER-INDEPENDENT-01,31. AP Calculus: FRQ-Style Multi-Part Architectures,"APCalc, Alg2, PreCalc","Summative, PT","optimization, extrema, any result that turns out to be independent of a parameter defining a family of functions/objects",extended constructed-response,"a family of functions/objects defined by a parameter (given) → algebraic proof that a specific computed result (an extremum's value, an intersection point, etc.) is the same for every value of that parameter (produced)",4,"Analyze, Create",the clearest possible distinction between empirical pattern-noticing and rigorous general proof — a capstone-level skill,"used as a rare, high-value final part of a larger multi-part item (this pairs naturally as the culminating part of FRQ-MULTIPART-SHARED-CONTEXT)",used routinely — genuinely proving parameter-independence is appropriately rare and demanding,Summative-safe,"structural pattern observed directly in an AP Classroom Topic Question (Unit 1) — the ""show that the result is the same for all nonzero values of b"" framing; the general architecture (not the specific function or context) is what's extracted here"
SELFASSESS-CONFIDENCE-RESPOND-01,32. Metacognitive Reflection & Self-Assessment,"all courses, especially as a unit-closing routine","Notes, Discourse/Reflection (unit closure)",any set of problems spanning a unit's range of skills,"short constructed-response, self-directed","a completed set of practice problems (given, already attempted) → confidence rating per problem + a differentiated follow-up task depending on that rating (produced)",varies by follow-up task chosen (the rating itself is DOK 1; the low-confidence question-generation or high-confidence harder-problem-writing follow-ups are DOK 2–3),"Evaluate (self-assessment), Create (follow-up task, either direction)","metacognitive accuracy — whether a student's self-rated confidence actually predicts their performance — plus specific, actionable information about exactly where a low-confidence student is stuck",used consistently as a unit-closing routine so students build the habit of honest self-assessment over time,"used as a graded/scored task on correctness — this architecture's value is in honest self-report, which is undermined the moment it's graded like a content question",Formative only,"CPM's chapter closure ""What Have I Learned?"" self-assessment structure (documented recurring closure-section pattern across CPM courses, not a specific problem)"
GRAPH-TO-NARRATIVE-01,33. Reverse Narrative / Context Invention from Data,"Alg1, Alg2, Physics","Notes, Discourse/Reflection, Practice","any graph with distinct qualitative features (increasing/decreasing/flat segments, sharp changes)",short constructed-response,"an abstract graph with no context (given, axes may even be unlabeled or generically labeled) → an invented real-world story consistent with every feature of the graph (produced)",3,"Understand, Create",whether a student's graph-reading is genuinely meaningful (can generate context) rather than only receptive (can answer questions about a given context),used after GRAPH-INFER-BEHAVIOR has been practiced in the forward direction,the graph is too simple (a single straight line) to require accounting for multiple distinct features,"Formative-preferred (open-ended, hard to standardize grading for summative use)","CPM chapter closure task type — ""interpret the graph to tell a story about what could have happened"" (documented recurring closure pattern, general framing only, not a specific problem's context)"
FACTORPAIR-SUM-PRODUCT-PUZZLE-01,34. Numeric Puzzle / Factor-Pair Fluency,"Alg1 (pre-factoring fluency), cross-curricular warm-up","Warm-Up, Notes","factoring trinomials (as a fluency precursor), integer operations","short constructed-response, puzzle format",a given sum and product (or two of three related quantities in a small fixed structure) → the two numbers satisfying both conditions (produced),1–2,Apply,rapid diagnostic signal of the specific sum-product number sense that later supports factoring fluency — a well-isolated prerequisite skill check,used as a warm-up routine in the weeks immediately before formally introducing trinomial factoring,used in isolation without ever being connected explicitly to the factoring procedure it supports — the payoff is in making that connection explicit,Formative/Practice,"CPM's recurring ""Diamond Problem"" warm-up puzzle format, a widely-used sum/product fluency device (the underlying sum-product task structure is described generically here; the specific graphic device is CPM's own recurring feature)"
NOTICE-WONDER-ESTIMATE-REVEAL-01,35. Notice & Wonder / Three-Act Structure,all math/science courses (strongest for Alg1/Alg2/Physics contextual problems),"Notes, PT (lesson-opening activity)",any real-world scenario with a genuinely surprising or curiosity-provoking quantity,"extended, multi-stage constructed-response (not a single question — a full lesson-arc activity)","a real-world image, video, or brief scenario (given, with deliberately withheld numeric information) → student-generated question, three estimates (too-low, too-high, best-guess), a stated information request, and finally a compare-to-reveal reflection (produced, across stages)","3–4 (problem formulation and information-need identification are themselves DOK 3+ tasks, before any computation begins)","Analyze (question formulation), Apply (solving), Evaluate (comparing to the reveal)","whether students can formulate their own mathematical questions and identify necessary information from an unstructured real situation — the single hardest and most authentic modeling skill, and one that every other architecture in this library assumes has already been done for the student","used to open a unit or introduce a new modeling context, where curiosity and question-generation are the actual instructional goal","used as a routine daily structure — it's intentionally time-intensive and loses its curiosity-driven power if overused; also avoid when the ""reveal"" doesn't actually resolve cleanly (a weak Act 3 undermines the whole arc)",Formative only; not a gradable summative item in the traditional sense,"Dan Meyer's ""Three-Act Math"" task structure (Act 1: notice/wonder with withheld information; Act 2: information request and solving; Act 3: reveal and compare to estimates) — a well-documented, widely-adopted instructional framework, described generically here without reproducing any specific published three-act task"
OPTIMIZE-CONSTRAINED-ARRANGEMENT-01,36. Constrained Optimization (Open Middle Style),"Alg1, Alg2, cross-curricular (adaptable to any grade band)","Warm-Up, Practice, Notes","any task where a fixed set of digits/values must be arranged to satisfy an expression, then optimized","short constructed-response, open-ended within a closed answer space",a fixed set of values/digits and an expression template with blanks (given) → an optimal (maximum or minimum) arrangement (produced),3,"Analyze, Evaluate","whether a student reasons structurally about how placement affects outcome (e.g., understanding that the largest digit should go in the highest place value for maximizing a sum of products) versus solving by trial and error alone","used as a fast-cycling warm-up that still requires genuine strategic thinking — this architecture is unusually good at producing DOK 3 reasoning in a short, low-prep format",the search space is small enough that trial-and-error is just as fast as genuine reasoning (defeats the purpose) — the value comes from a search space large enough to reward structural insight,Summative-safe if numbers/template vary; Formative-ideal for daily warm-ups,"Robert Kaplinsky's ""Open Middle"" task format (closed beginning, closed end, open middle) — a well-documented, widely-used instructional framework; described generically here as a task structure, not any specific published Open Middle problem"
MODEL-GUIDED-INQUIRY-CYCLE-01,37. Guided Inquiry Model Cycle,"Chem, Bio, Physics, Alg1/Alg2 (concept-introduction contexts)","Notes, PT (concept-introduction activities)",any concept that can be discovered from a well-chosen model/data set rather than told directly,"extended constructed-response, sequenced question set (typically team-based)","a model (given: data table, diagram, or simulation output) → a sequence of three question types answered in order (produced): directed questions (surface-level, ensure the model is read correctly), convergent questions (synthesize a pattern/relationship from the model into a stated concept), and application questions (apply the newly-formed concept to a new, unseen situation)","spans 1 (directed) through 3 (application) within a single activity — the sequence itself is the point, not any single question's level","Remember/Understand (directed), Analyze (convergent), Apply (application)","a full diagnostic trace of where a team's understanding broke down — whether at model-reading, concept-formation, or transfer — rather than a single pass/fail signal","introducing a new concept that has a clean underlying model or pattern (e.g., gas laws from pressure/volume/temperature data, or the effect of a coefficient on a function's graph) — this architecture is specifically for concept *discovery*, not review",used for review of an already-taught concept — the guided-discovery structure is wasted effort if the concept is already known; also avoid when no clean underlying model/pattern exists to discover,"Formative only — this is fundamentally a team discovery activity, not a gradable individual assessment item","POGIL (Process Oriented Guided Inquiry Learning) — a well-established, widely-used instructional framework originating in chemistry education (three-phase learning cycle: exploration/directed questions, concept invention/convergent questions, application/divergent questions), described generically here as a task-sequencing architecture"
CONSTRUCT-REPLICATE-CONJECTURE-01,38. Peer Construction & Precision Communication,"Geo, Alg1 (early function/pattern discovery contexts)","Notes, PT (discovery activities)","any geometric or numeric property that holds invariantly across independently-constructed instances (angle sums, always-true relationships)","extended constructed-response, team-based, hands-on","a set of construction conditions (given, e.g., specific angle/side measurements) → independently-built physical or digital constructions (produced by each team member separately) → compared results → a stated conjecture about what's invariant across all of them","3–4 (4 if the technology-verification step extends testing to cases beyond what was physically constructed, approaching genuine generalization)","Analyze, Create (conjecture formation)",whether a student trusts a pattern because of convergent independent evidence (a genuine scientific-reasoning habit) rather than accepting a single example or being told the result directly,"introducing a new geometric theorem or numeric relationship that's genuinely discoverable through hands-on construction, rather than told directly first",the property isn't actually discoverable this way (too abstract for physical/independent construction) or when time constraints don't allow for genuine independent work before comparison,"Formative only — this is a discovery activity, not a gradable item","CPM's independent-construction-then-compare lesson structure (documented recurring pattern across CPM geometry-strand lessons, general framing only, not a specific problem's numbers/context)"
DESCRIBE-TO-REPRODUCE-01,38. Peer Construction & Precision Communication,"Geo, Alg1, Alg2 (any topic where an object can be fully specified by a set of conditions/properties)","Notes, Practice (paired/team activities)","geometric figures, functions, data sets — anything specifiable by a list of defining conditions","short constructed-response, paired activity (two distinct roles: describer and reproducer)",a target object known only to the describer (given/chosen by student A) → a written set of conditions precise enough for a partner to reproduce it without seeing it (produced by student A) → the partner's reproduction attempt based solely on the description (produced by student B) → comparison and correction,3,"Understand, Create (precise specification), Apply (reproduction from specification)",precision of mathematical communication and understanding of which properties are defining vs. incidental for a given object — a skill distinct from being able to construct or identify an object when given a visual,following CONSTRUCT-REPLICATE-CONJECTURE or any lesson establishing what properties define a category of object,"the object has only one or two defining properties (too simple to require genuine precision) — richer objects (quadrilaterals, functions with several stated behaviors) produce better evidence","Formative only (paired activity, not independently gradable)","CPM's reciprocal partner-construction task structure (""write down conditions, trade papers, verify without drawing it for them"") — documented recurring lesson pattern; conceptually parallel to the widely-used Desmos ""Polygraph"" describe-to-identify activity format, though extracted here directly from the CPM source material"
PARTWHOLE-PERCENT-DECOMPOSITION-01,39. Part-Whole Decomposition,"Alg1, cross-curricular (proportional reasoning)","Practice, Warm-Up",percent-of-a-whole problems where several known parts must reconcile with a total,short constructed-response or table completion,"several parts of a whole, given as a mix of percentages and absolute amounts, with exactly one part unknown (given) → the missing part, found using the constraint that all parts must sum to the whole (produced)",2–3 (3 when parts are given in mixed units requiring reconciliation before the sum-constraint can be applied),"Apply, Analyze",whether a student reasons about parts-of-a-whole as a constrained system rather than a set of independent percent calculations,"following direct percent-of-a-whole instruction, as a step up in reasoning complexity","all parts are given in the same unit and the missing part is simply ""100% minus the others"" with no real reconciliation needed — vary the units to keep the reasoning genuine",Summative-safe with new values,"CPM's recurring part-whole percent decomposition task type (documented recurring pattern in CC Course 1 percent-unit lessons, general framing only, not a specific problem's context or numbers)"
PROC-DIRECT-EXECUTE-01,Direct Fluency / Retrieval,"Alg1, Alg2, PreCalc, APCalc, Physics, Chem, cross-curricular","Warm-Up, Notes, Practice, Exit Ticket, Quick Check, Blooket","solve, evaluate, simplify, differentiate, substitute, calculate, identify a directly taught relationship","numeric entry, short constructed-response, or selected-response",equation/expression/data/diagram as appropriate,1–2 depending on the skill and representation; direct execution is not raised by adding the word explain,"Remember, Apply",whether the student can accurately perform the exact target skill without unnecessary scaffolding,fluency matters and repeated legitimate execution is instructionally useful,wrapping a simple skill in fake dialogue/context solely to appear more rigorous,Practice/Formative by default; Summative-safe when parameters vary and the target legitimately belongs on the assessment,user curriculum philosophy: direct solve/evaluate/simplify/differentiate questions are legitimate and should not be disguised merely to create surface variety
PROC-DIRECT-VARIATION-SET-01,Direct Fluency / Retrieval,"Alg1, Alg2, PreCalc, APCalc, Physics, Chem","Practice, Warm-Up, CYU",a single skill that benefits from several repetitions with meaningful variation,set of short constructed-response or numeric-entry items,same core representation with controlled structural variation,1–2,Apply,whether execution is stable across nearby but meaningfully different cases,students need repeated practice to make a foundational process reliable,creating many cosmetic clones that add no new discrimination or fluency value,Practice/Formative only as a set,user curriculum philosophy distinguishing useful repetition from mechanical filler
VOCAB-TERM-TO-DEFINITION-01,Vocabulary / Concept Recall,all courses,"Warm-Up, Practice, Exit Ticket, Blooket, Tarsia, Quick Check","discipline vocabulary, symbols, named theorems/principles","short constructed-response, matching, or selected-response",term/name -> verbal meaning,1,"Remember, Understand",whether the student recognizes what an important term means,terminology itself is necessary for later reasoning,using vocabulary recall as a substitute for conceptual/application evidence,Formative; low-security unless embedded in a richer assessment,user-specified term-to-definition structure; common cross-curricular vocabulary check
VOCAB-DEFINITION-TO-TERM-01,Vocabulary / Concept Recall,all courses,"Warm-Up, Practice, Exit Ticket, Blooket, Tarsia, Quick Check","discipline vocabulary, symbols, named theorems/principles","short constructed-response, matching, or selected-response",verbal definition -> term/name,1,Remember,whether the student can retrieve the correct disciplinary term from meaning,vocabulary retrieval is part of the target,when the assessment needs application rather than label recall,Formative; low-security,user-specified definition-to-term structure
VOCAB-CONCEPT-TO-TERM-01,Vocabulary / Concept Recall,all courses,"Warm-Up, Practice, Exit Ticket, Blooket, Tarsia, Quick Check",concept examples/situations that instantiate a named idea,short constructed-response or selected-response,example/situation -> term/name,1–2,Understand,whether vocabulary is connected to an actual concept/example rather than memorized wording only,students must connect language to situations,when the context adds no interpretive demand beyond copying a definition phrase,Formative; Summative-safe only when context varies and the target is legitimately low-DOK,user-specified concept-to-term structure
VOCAB-TERM-TO-CONCEPT-01,Vocabulary / Concept Recall,all courses,"Warm-Up, Notes, Practice, Exit Ticket, Quick Check",discipline vocabulary tied to conceptual examples,short constructed-response,term/name -> example/explanation,1–2,"Understand, Apply",whether the student can move from a label to an actual conceptual instance,you want stronger evidence than definition recall but still a compact prompt,requiring a long explanation when a brief valid example would suffice,Formative; can be Summative-safe if open response and target fits,user-specified term-to-concept structure
FEATURE-IDENTIFY-FROM-REPRESENTATION-01,Representation Reading,"Alg1, Alg2, PreCalc, APCalc, Physics","Warm-Up, Notes, Practice, Exit Ticket, Quick Check, Blooket","graph/table/diagram features such as intercept, maximum, increasing interval, slope, velocity sign, force direction, wave feature","short constructed-response, numeric entry, or selected-response",graph/table/diagram -> named or numeric feature,1–2,"Understand, Apply",whether the student can correctly read the representation needed for later reasoning,the representation itself is part of the I-can,describing a graph in prose when an actual graph should be supplied,Formative; Summative-safe with new representations,user visual-notes philosophy plus representation-authenticity rules in the existing library
FEATURE-EVALUATE-VS-SOLVE-01,Representation Reading,"Alg1, Alg2, PreCalc, APCalc","Notes, Warm-Up, Practice, Exit Ticket, Quick Check",function notation; graph/table/equation evaluation vs solving,short constructed-response or paired numeric responses,graph/table/equation,2,"Understand, Apply",whether the student distinguishes evaluation from inverse/solve thinking instead of treating both as substitution,the course needs the evaluate-vs-solve distinction made explicit,"using two unrelated functions, which weakens the conceptual contrast",Formative; Summative-safe with new functions,user-identified high-value Algebra discussion/visual distinction
PHYS-PREDICT-JUSTIFY-01,Physics FRQ / Scientific Reasoning,"Physics, AP Physics, physical science","WTC, Notes, Quick Check, Exit Ticket, Summative, PT","motion, forces, energy, momentum, waves, electricity, magnetism, thermal phenomena",short or extended constructed-response,scenario/diagram/data as appropriate,2–3,"Apply, Analyze",whether the student can use physics to predict rather than merely explain after seeing an outcome,prediction can expose conceptual models before or after instruction,asking for a guess with no required physical basis,Formative; Summative-safe with novel scenario,user-requested Physics FRQ language; structure-only synthesis of common physics free-response reasoning
PHYS-PREDICT-OBSERVE-RECONCILE-01,Physics FRQ / Scientific Reasoning,"Physics, AP Physics, physical science","WTC, Demonstration support, Investigation support, Quick Check, PT",observable phenomena and demonstrations,multi-part constructed-response,prediction -> observed result/data -> revised explanation,3,"Analyze, Evaluate",whether the student can revise a model in response to evidence rather than protect an initial intuition,demonstrations/investigations are used to create conceptual conflict or model refinement,when students see the result before making a prediction,Formative / PT; not a routine secure summative structure,user demonstration/investigation philosophy plus general scientific model-revision practice
PHYS-RANK-COMPARE-QUANTITIES-01,Physics FRQ / Scientific Reasoning,"Physics, AP Physics","Practice, Quick Check, Exit Ticket, Summative","force, acceleration, energy, momentum, power, field, wave quantities, circuit quantities",ranking + short justification,2–5 diagrams/scenarios/data cases,2–3,Analyze,whether the student understands qualitative dependence and controlling variables,you want conceptual comparison more than arithmetic,when each case requires a completely unrelated calculation,Summative-safe with novel cases,structure-only synthesis of common physics ranking-task / free-response conventions
PHYS-REPRESENTATION-CONSISTENCY-01,Physics FRQ / Scientific Reasoning,"Physics, AP Physics","Notes, Practice, Quick Check, Exit Ticket, Summative","force diagrams, motion diagrams, graphs, circuit diagrams, ray diagrams, wave representations",constructed-response / critique,two or more representations of the same physical situation,3,"Analyze, Evaluate",whether understanding transfers across representations and whether the student can diagnose a mismatch,the I-can explicitly connects models/representations,when representations are decorative duplicates with no consistency question,Summative-safe with new representations,"user Physics framework style and existing multi-representation architecture, specialized for physics model consistency"
PHYS-DESIGN-MEASUREMENT-PROCEDURE-01,Physics FRQ / Scientific Reasoning,"Physics, AP Physics","Quick Check, PT, Summative, Investigation support",experimental measurement of physical relationships,extended constructed-response,apparatus/phenomenon -> procedure + measurements + analysis plan,3–4,"Analyze, Create",whether the student can convert a physics question into an actionable measurement-and-analysis plan,PT/QC needs science-practice evidence beyond calculation,reducing to a cookbook procedure supplied by the prompt,Summative-safe / PT,user-requested physics FRQ language and general experimental-design conventions
PHYS-DATA-TREND-MODEL-01,Physics FRQ / Scientific Reasoning,"Physics, AP Physics","Practice, Quick Check, Summative, PT","experimental data, graphs, empirical relationships",constructed-response,table/graph/data -> trend/model/physical interpretation,2–3,Analyze,whether the student can turn data into a physical relationship and explain its meaning,data reasoning is part of the learning target,"asking ""analyze the graph"" without specifying the feature/claim needed",Summative-safe with new data,existing data/model structures specialized for physics evidence interpretation
PHYS-QUALITATIVE-CHANGE-PREDICT-01,Physics FRQ / Scientific Reasoning,"Physics, AP Physics","Warm-Up, Notes, Practice, Exit Ticket, Quick Check",dependence of one physical quantity on another,short constructed-response,relationship/formula/diagram/scenario,2–3,"Apply, Analyze",whether the student understands relationships conceptually instead of only substituting numbers,conceptual Physics or pre-calculation reasoning is desired,when the relationship is too trivial to require any reasoning,Formative; Summative-safe with novel scenario,user Conceptual Physics emphasis and general qualitative FRQ conventions
PHYS-ASSUMPTION-MODEL-CRITIQUE-01,Physics FRQ / Scientific Reasoning,"Physics, AP Physics","Quick Check, Summative, PT","idealized models, approximations, system assumptions",constructed-response / critique,model/procedure/scenario + stated or implied assumption,3,"Analyze, Evaluate",whether the student understands the conditions under which a model is valid,students are ready to distinguish model from reality,"asking for a generic ""source of error"" list with no consequence analysis",Summative-safe,general physics model-evaluation practice; supports the user's deeper QC/PT evidence goals
DE-SLOPEFIELD-INTERPRET-01,AP Calculus — Differential Equations,APCalc,"Notes, Practice, Exit Ticket, Quick Check, Summative",slope fields and solution behavior,short constructed-response or selected-response,differential equation and/or slope field,2–3,"Apply, Analyze",whether the student interprets a differential equation as a field of local rates rather than only a symbolic expression,Unit 7 slope-field learning,purely decorative slope fields with no reasoning from them,Summative-safe with new fields/equations,AP Calculus differential-equation task conventions; original example
DE-EULER-APPROXIMATE-01,AP Calculus — Differential Equations,APCalc,"Notes, Practice, Exit Ticket, Quick Check, Summative",Euler's method,numeric entry / short constructed-response,differential equation + initial condition + step size,2,Apply,whether the student understands Euler updating rather than memorizing one formula substitution,approximate solution values from rate information,inflating DOK solely by increasing the number of Euler steps,Summative-safe with new parameters,AP Calculus Unit 7 conventional structure; original example
DE-SEPARATE-IVP-01,AP Calculus — Differential Equations,APCalc,"Notes, Practice, Quick Check, Summative",separable differential equations and initial conditions,constructed-response,differential equation -> separated/integrated solution -> initial-condition constant,2–3,"Apply, Analyze","whether the student coordinates separation, integration, and initial-condition reasoning",Unit 7 IVP solving,asking for a general solution and then a completely unrelated evaluation,Summative-safe,AP Calculus differential-equation procedure conventions; original example
DE-MODEL-RATE-INTERPRET-01,AP Calculus — Differential Equations,APCalc,"Notes, Practice, Exit Ticket, Quick Check, Summative, PT",differential-equation models in context,constructed-response,context -> differential equation / derivative interpretation,2–3,"Understand, Analyze",whether the student understands a differential equation as a model of changing quantities,"conceptual/modeling evidence is needed, especially AP free response",turning every item into solve-the-DE when interpretation is the target,Summative-safe,AP Calculus modeling conventions; original example
INTEGRAL-NETCHANGE-CONTEXT-01,AP Calculus — Applications of Integration,APCalc,"Notes, Practice, Exit Ticket, Quick Check, Summative",net change / accumulation from rates,constructed-response / numeric entry,rate function/table/graph -> definite integral -> contextual amount,2–3,"Apply, Analyze",whether the student connects accumulation to rate and distinguishes change from amount,Unit 8 contextual accumulation,using integral notation without requiring interpretation of what accumulates,Summative-safe,AP Calculus applications-of-integration conventions; original example
INTEGRAL-AREA-BETWEEN-CURVES-01,AP Calculus — Applications of Integration,APCalc,"Notes, Practice, Exit Ticket, Quick Check, Summative",area between curves,constructed-response / setup + evaluation,equations and/or graph -> intersection bounds -> integral,2–3,"Apply, Analyze",whether the student can translate a geometric region into a correct accumulation model,Unit 8 region/area problems,giving all bounds/order so completely that only button-pushing remains when setup is the target,Summative-safe,AP Calculus applications-of-integration conventions; original example
INTEGRAL-VOLUME-CROSSSECTIONS-01,AP Calculus — Applications of Integration,APCalc,"Notes, Practice, Quick Check, Summative",volume with known cross sections,constructed-response / setup + evaluation,base region + cross-section rule -> area function -> volume integral,2–3,"Apply, Analyze",whether the student can build a volume integral from changing geometry,Unit 8 cross-section volume,providing the area function when deriving it is the important learning target,Summative-safe,AP Calculus applications-of-integration conventions; original example
INTEGRAL-VOLUME-REVOLUTION-01,AP Calculus — Applications of Integration,APCalc,"Notes, Practice, Exit Ticket, Quick Check, Summative",solids of revolution,constructed-response / setup + evaluation,region + axis of rotation -> radius/radii -> integral,2–3,"Apply, Analyze",whether the student can convert geometric rotation into an accumulation model,Unit 8 solids of revolution,reducing to memorized piR^2 with no region interpretation when setup is the target,Summative-safe,AP Calculus applications-of-integration conventions; original example
EVIDENCE-SHORT-MICROSET-01,Exit Ticket / Evidence Set,all courses,Exit Ticket,one mapped I-can that can be sampled through several short executions/representations,2–4 short responses,one or more compact representations,"1–2, occasionally 3 only if the I-can itself requires strategic reasoning",Depends on mapped I-can,"a compact, interpretable evidence sample for one I-can",portfolio needs a quick clean signal on one target,using four unrelated mini-questions merely to fill a ticket,Formative evidence; replacement-safe when the explicit I-can map is preserved,"user Exit Ticket philosophy: explicit I-can evidence map, 5–8 minutes, targeted replacement allowed"
EVIDENCE-SHORT-MULTIPART-01,Exit Ticket / Evidence Set,all courses,"Exit Ticket, Quick Check",two or more closely connected mapped I-cans that can be evidenced in one short shared object/context,one compact multi-part constructed-response,shared equation/graph/table/scenario/diagram -> connected parts,2–3 depending on connection,"Apply, Analyze",how related I-cans work together on one coherent task,one shared object gives more coherent evidence than several disconnected prompts,stuffing unrelated I-cans together merely to increase coverage,Formative evidence; can serve as a deeper Exit Ticket or short QC,user Exit Ticket philosophy plus shared-context FRQ coherence rules
WTC-FRQ-PREVIEW-01,WTC / Section Opener,"Alg1, PreCalc, APCalc, Physics, science","WTC, Notes",upcoming section concept that can be previewed through a coherent object/context before formal instruction,short multi-part free-response; usually 3–5 connected parts around one shared stimulus/object,actual graph/table/diagram/data/scenario/object appropriate to the section when available; do not substitute a list of disconnected prose prompts,"1–3 depending on prior knowledge, but DOK label is secondary because this is an instructional opener","Understand, Analyze, sometimes Create",what students bring into the section and which conceptual bridge the later reading/examples should address,every WTC should feel like a real free-response experience and feed the conceptual story of Notes,"a loose generic prompt, several unrelated preview questions bundled together, or a pretest that demands procedures students have not learned",Instructional only; not summative-safe by purpose,user WTC philosophy: coherent FRQ-style section opener tied to mapped I-cans and later Notes
